UniqueID,LastName,FirstName,JobTitle,Department,HireDate,LastPromotionDate,TerminationDate,AnnualSalary
PURE-2021EXEC-001,Swindler,Skylar,CEO,Executive,8/7/2021,8/27/2021,,374273.41
PURE-2022FIN-002,Almeida,Caroline,CFO,Finance,11/10/2022,3/11/2023,,281966.22
PURE-2022OPS-003,Nunes,Manuela,COO,Operations,5/14/2022,6/14/2024,,249385.42
PURE-2021IT-004,Nogueira,Samuel,CTO,IT,9/5/2021,5/17/2024,9/28/2025,331583.9
PURE-2024MKT-005,Carvalho,Daniela,CMO,Marketing,2/6/2024,9/8/2025,,288446.71
PURE-2022HR-006,Alves,Joaquim,CHRO,Human Resources,11/13/2022,9/18/2023,,283683.79
PURE-2023HR-007,da Mota,Luana,Recruiter,Human Resources,10/22/2023,7/16/2024,,39951.17
PURE-2023IT-008,Ramos,Emanuelly,IT Manager,IT,10/3/2023,7/25/2025,,72248.65
PURE-2024CS-009,Costela,Leonardo,Customer Service Director,Customer Service,9/1/2024,5/9/2025,9/25/2025,169743.91
PURE-2021SAL-010,Nunes,Henrique,Sales Associate,Sales,8/25/2021,4/6/2022,,21099.05
PURE-2021MKT-011,Lima,Renan,Content Strategist,Marketing,6/6/2021,1/4/2022,,32955.91
PURE-2023CS-012,Santos,João Felipe,Customer Service Director,Customer Service,8/9/2023,10/5/2025,,122117.66
PURE-2022OPS-013,da Cruz,Guilherme,Logistics Coordinator,Operations,7/25/2022,10/15/2022,,43448.8
PURE-2021CS-014,Barros,Gustavo,Customer Service Rep,Customer Service,12/9/2021,4/14/2022,,25390.51
PURE-2024FIN-015,da Rocha,Luiz Gustavo,Finance Manager,Finance,10/13/2024,5/13/2025,7/5/2025,77333.54
PURE-2021OPS-016,Viana,Esther,Logistics Coordinator,Operations,3/31/2021,7/1/2021,,47761.07
PURE-2023FIN-017,Cardoso,Caio,Financial Analyst,Finance,7/24/2023,10/11/2025,,38298.15
PURE-2023OPS-018,da Costa,Noah,Logistics Coordinator,Operations,8/11/2023,2/13/2025,,36581.11
PURE-2024SAL-019,das Neves,Fernanda,Sales Associate,Sales,9/30/2024,3/14/2025,,19351.76
PURE-2022CS-020,Ramos,Júlia,Customer Service Rep,Customer Service,5/23/2022,7/29/2022,,22039.7
PURE-2024CS-021,Nunes,Júlia,Customer Service Manager,Customer Service,3/5/2024,2/8/2025,,109843.85
PURE-2021OPS-022,Mendes,Levi,Logistics Coordinator,Operations,11/8/2021,1/3/2022,,30430.08
PURE-2022IT-023,Freitas,Miguel,IT Support Specialist,IT,10/27/2022,7/10/2023,,22977.55
PURE-2021CS-024,Moraes,Alexandre,Customer Service Director,Customer Service,1/22/2021,9/10/2022,,122986.61
PURE-2022CS-025,Nascimento,Raul,Customer Service Rep,Customer Service,8/29/2022,4/8/2023,11/4/2023,23558.48
PURE-2023OPS-026,Jesus,Vicente,Operations Analyst,Operations,9/19/2023,5/17/2024,,27701.2
PURE-2024MKT-027,Novaes,Lucas Gabriel,Content Strategist,Marketing,10/18/2024,3/19/2025,,54651.6
PURE-2021CS-028,da Cunha,Eduarda,Customer Service Manager,Customer Service,7/26/2021,5/26/2023,,109789.81
PURE-2023OPS-029,das Neves,Ana Beatriz,Operations Analyst,Operations,6/26/2023,7/6/2023,,26544.79
PURE-2023IT-030,Teixeira,Eduardo,IT Support Specialist,IT,3/20/2023,6/7/2023,,24384.68
PURE-2023CS-031,Carvalho,Luiz Henrique,Customer Service Manager,Customer Service,7/31/2023,12/14/2023,,102445.81
PURE-2023HR-032,Nunes,Thomas,Recruiter,Human Resources,7/28/2023,9/7/2025,,35944.9
PURE-2024IT-033,Araújo,Lucas Gabriel,IT Manager,IT,1/20/2024,9/11/2025,10/8/2025,84683.42
PURE-2022CS-034,Ramos,Vitor Gabriel,Customer Service Director,Customer Service,12/6/2022,1/21/2023,,152349.51
PURE-2023OPS-035,da Mota,Pedro Henrique,Logistics Coordinator,Operations,10/14/2023,9/30/2024,,31352.19
PURE-2024HR-036,Aragão,Otávio,Recruiter,Human Resources,10/17/2024,12/7/2024,,54193.54
PURE-2022CS-037,Rezende,Catarina,Customer Service Director,Customer Service,2/2/2022,9/7/2022,,157116.05
PURE-2024CS-038,Almeida,Henrique,Customer Service Manager,Customer Service,11/10/2024,5/17/2025,,89095.51
PURE-2021CS-039,da Rocha,Maysa,Customer Service Director,Customer Service,8/23/2021,11/14/2023,,141713.98
PURE-2023IT-040,Caldeira,João Felipe,Systems Analyst,IT,4/27/2023,2/24/2024,10/10/2025,33469.68
PURE-2022MKT-041,da Conceição,João Lucas,Content Strategist,Marketing,1/7/2022,8/20/2022,,49498.93
PURE-2021OPS-042,Pires,Sabrina,Operations Manager,Operations,6/11/2021,3/3/2022,,69835.85
PURE-2021CS-043,Novaes,Larissa,Customer Service Rep,Customer Service,9/8/2021,2/10/2023,7/26/2023,25719.72
PURE-2021FIN-044,Caldeira,Luna,Payroll Specialist,Finance,12/22/2021,3/4/2022,,25474.05
PURE-2021IT-045,Azevedo,Bryan,IT Support Specialist,IT,2/13/2021,6/9/2022,10/11/2022,24802.52
PURE-2024CS-046,Cavalcanti,Maria Luiza,Customer Service Manager,Customer Service,3/14/2024,10/11/2024,,68300.1
PURE-2023HR-047,Caldeira,Raquel,HR Manager,Human Resources,2/8/2023,11/18/2024,,93495.65
PURE-2021IT-048,Vieira,Ryan,IT Manager,IT,5/29/2021,9/4/2023,,100851.64
PURE-2021CS-049,Peixoto,Lucca,Customer Service Director,Customer Service,4/5/2021,6/28/2022,,149948.09
PURE-2024MKT-050,Sales,Yago,SEO Specialist,Marketing,2/20/2024,4/9/2025,,21855.63
PURE-2023SAL-051,Vieira,Maria,Sales Manager,Sales,7/5/2023,6/29/2025,,61836.21
PURE-2021FIN-052,Melo,Esther,Finance Manager,Finance,2/12/2021,1/17/2022,,62654.26
PURE-2023SAL-053,Rocha,Camila,Sales Manager,Sales,7/18/2023,2/1/2025,,64433.08
PURE-2023IT-054,Rocha,Sophie,Software Engineer,IT,5/17/2023,7/7/2025,,46460.08
PURE-2021SAL-055,Nascimento,Daniela,Account Executive,Sales,3/24/2021,9/4/2023,,38276.81
PURE-2021OPS-056,Almeida,Nicolas,Operations Analyst,Operations,12/15/2021,10/15/2022,,18418.15
PURE-2021CS-057,da Mata,Catarina,Customer Service Manager,Customer Service,5/2/2021,9/21/2022,,96712.92
PURE-2022SAL-058,Oliveira,Arthur,Sales Associate,Sales,7/6/2022,7/19/2024,,19811.76
PURE-2021OPS-059,Almeida,Sophie,Plant Supervisor,Operations,12/8/2021,1/31/2022,,48681.54
PURE-2024SAL-060,Farias,Lucca,Sales Associate,Sales,6/3/2024,11/10/2024,,23544.67
PURE-2023SAL-061,Moreira,Isabelly,Sales Associate,Sales,1/16/2023,1/22/2025,,18574.92
PURE-2022FIN-062,Rocha,Marcos Vinicius,Financial Analyst,Finance,3/19/2022,3/16/2023,,34060.23
PURE-2021CS-063,Carvalho,Ana Julia,Customer Service Director,Customer Service,2/20/2021,7/20/2023,,128049.86
PURE-2024FIN-064,Ramos,Calebe,Payroll Specialist,Finance,7/19/2024,7/7/2025,,18731.06
PURE-2021MKT-065,Oliveira,Juan,Marketing Manager,Marketing,11/11/2021,9/22/2023,,96335.21
PURE-2024IT-066,Aragão,Natália,IT Manager,IT,3/7/2024,11/27/2024,,100971.1
PURE-2024IT-067,Campos,Diogo,IT Support Specialist,IT,6/5/2024,10/6/2024,,19506.65
PURE-2021HR-068,Barbosa,Olivia,HR Manager,Human Resources,2/16/2021,4/23/2022,,71093.98
PURE-2024OPS-069,Gonçalves,Esther,Logistics Coordinator,Operations,1/21/2024,4/16/2025,,30167.46
PURE-2024IT-070,Moreira,Melissa,Systems Analyst,IT,6/15/2024,7/20/2024,,42908.81
PURE-2023CS-071,Vieira,Eduarda,Customer Service Director,Customer Service,2/20/2023,8/3/2025,,170571.64
PURE-2021OPS-072,Fogaça,João Vitor,Operations Analyst,Operations,2/7/2021,3/8/2022,12/7/2024,24413.53
PURE-2022IT-073,Correia,Anthony,Software Engineer,IT,7/3/2022,9/8/2024,,47351.06
PURE-2021SAL-074,da Paz,Pietra,Sales Manager,Sales,6/28/2021,2/26/2024,,82269.25
PURE-2024HR-075,Costela,Lorena,Recruiter,Human Resources,8/28/2024,1/26/2025,,35526.56
PURE-2023SAL-076,Rocha,João Lucas,Sales Associate,Sales,1/7/2023,9/5/2024,,24725.06
PURE-2024HR-077,Araújo,Joaquim,HR Manager,Human Resources,11/26/2024,5/28/2025,6/7/2025,91703.02
PURE-2022MKT-078,Barros,Nina,Content Strategist,Marketing,3/21/2022,12/28/2023,,32327.25
PURE-2023MKT-079,Araújo,Joana,SEO Specialist,Marketing,5/13/2023,7/4/2023,,22507.14
PURE-2022OPS-080,Carvalho,Miguel,Operations Analyst,Operations,1/20/2022,9/24/2022,,26304.6
PURE-2024IT-081,Moura,Luiz Miguel,IT Manager,IT,9/12/2024,11/2/2024,,63407.8
PURE-2024HR-082,Castro,Luiz Gustavo,HR Manager,Human Resources,6/18/2024,3/28/2025,,101847.96
PURE-2023MKT-083,Alves,Laura,SEO Specialist,Marketing,8/8/2023,9/10/2025,,21016.1
PURE-2022OPS-084,da Paz,Enzo Gabriel,Operations Analyst,Operations,5/21/2022,6/27/2024,11/1/2024,20352.24
PURE-2021CS-085,Sales,Júlia,Customer Service Director,Customer Service,5/22/2021,12/5/2022,,152216.66
PURE-2024MKT-086,Correia,Gabriel,Content Strategist,Marketing,9/14/2024,12/20/2024,,43142.66
PURE-2023HR-087,Porto,Evelyn,Recruiter,Human Resources,12/2/2023,3/13/2024,,40527.98
PURE-2024MKT-088,Jesus,Juan,Marketing Manager,Marketing,9/10/2024,3/21/2025,,65480.03
PURE-2023IT-089,Silva,Samuel,Software Engineer,IT,7/17/2023,7/24/2023,,38451.44
PURE-2021MKT-090,Fogaça,Raquel,Content Strategist,Marketing,6/19/2021,4/5/2023,,53676.9
PURE-2021CS-091,Nascimento,Ana Beatriz,Customer Service Director,Customer Service,4/25/2021,4/26/2022,,175545.63
PURE-2021MKT-092,da Mata,Júlia,Brand Manager,Marketing,9/2/2021,9/20/2022,,45146.18
PURE-2023SAL-093,Pires,Isadora,Sales Manager,Sales,3/31/2023,7/31/2023,,109511.3
PURE-2023IT-094,Silveira,Marcela,Systems Analyst,IT,4/20/2023,4/12/2025,,48965.7
PURE-2023IT-095,Jesus,Nina,Systems Analyst,IT,3/8/2023,3/4/2024,,50023.24
PURE-2021FIN-096,Almeida,Vinicius,Payroll Specialist,Finance,1/30/2021,5/27/2021,,21340.66
PURE-2022MKT-097,da Luz,Alícia,SEO Specialist,Marketing,6/21/2022,2/27/2025,,19250.7
PURE-2024HR-098,Costa,Yasmin,Recruiter,Human Resources,1/26/2024,9/6/2025,,34503.14
PURE-2022OPS-099,Rodrigues,Anthony,Plant Supervisor,Operations,9/22/2022,11/14/2023,,46854.54
PURE-2023HR-100,Moura,Thomas,HR Coordinator,Human Resources,2/15/2023,11/2/2024,,18441.84
PURE-2021MKT-101,Peixoto,Gabriela,Content Strategist,Marketing,3/7/2021,1/27/2022,9/19/2025,52996.31
PURE-2021CS-102,Rezende,Emanuelly,Customer Service Manager,Customer Service,4/14/2021,6/13/2023,,69720.3
PURE-2022FIN-103,Pires,Heloísa,Payroll Specialist,Finance,2/23/2022,7/6/2023,,24949.02
PURE-2022CS-104,Lopes,Yasmin,Customer Service Manager,Customer Service,6/1/2022,7/6/2023,,90611.12
PURE-2024FIN-105,da Cunha,Benício,Payroll Specialist,Finance,11/22/2024,9/19/2025,,21283.23
PURE-2021CS-106,Fogaça,Ana Luiza,Customer Service Manager,Customer Service,4/25/2021,4/25/2021,,71023.53
PURE-2021IT-107,Cardoso,Nicolas,Systems Analyst,IT,10/1/2021,2/29/2024,,44689.95
PURE-2023SAL-108,Farias,Breno,Account Executive,Sales,5/21/2023,7/19/2025,,54639.26
PURE-2021FIN-109,Moraes,Levi,Financial Analyst,Finance,11/11/2021,4/23/2024,,55039.08
PURE-2021CS-110,Teixeira,Caroline,Customer Service Manager,Customer Service,9/7/2021,12/26/2022,,80171.59
